old_path,new_path,date,commit_sha,status
"algorhythms/Cymatics x S1 - Melody Loop 7 - 130 BPM D# Min.edit.WAV","timestamped/algorhythms/20240929__Cymatics x S1 - Melody Loop 7 - 130 BPM D# Min.edit.WAV","20240929","ef03f56c092f418f645dd6a63819da999fad9315",PLANNED
"cymatics.fm/Cymatics - 9God Hip Hop Sample Pack/Melody Loops/Cymatics - 9God Melody Loop 6 - 140 BPM G# Maj.wav","timestamped/cymatics.fm/Cymatics - 9God Hip Hop Sample Pack/Melody Loops/20241001__Cymatics - 9God Melody Loop 6 - 140 BPM G# Maj.wav","20241001","353739f4211ee68a15c96f1cd13a9864005d6bf2",PLANNED
"cymatics.fm/Cymatics - 9God Hip Hop Sample Pack/Melody Loops/Cymatics - 9God Melody Loop 7 - 150 BPM C Min.wav","timestamped/cymatics.fm/Cymatics - 9God Hip Hop Sample Pack/Melody Loops/20241001__Cymatics - 9God Melody Loop 7 - 150 BPM C Min.wav","20241001","353739f4211ee68a15c96f1cd13a9864005d6bf2",PLANNED
"cymatics.fm/Cymatics - 9God Hip Hop Sample Pack/Melody Loops/Cymatics - 9God Melody Loop 8 - 150 BPM B Min.wav","timestamped/cymatics.fm/Cymatics - 9God Hip Hop Sample Pack/Melody Loops/20241001__Cymatics - 9God Melody Loop 8 - 150 BPM B Min.wav","20241001","353739f4211ee68a15c96f1cd13a9864005d6bf2",PLANNED
"cymatics.fm/Cymatics - 9God Hip Hop Sample Pack/Melody Loops/Cymatics - 9God Melody Loop 9 - 160 BPM D Min.wav","timestamped/cymatics.fm/Cymatics - 9God Hip Hop Sample Pack/Melody Loops/20241001__Cymatics - 9God Melody Loop 9 - 160 BPM D Min.wav","20241001","353739f4211ee68a15c96f1cd13a9864005d6bf2",PLANNED
"cymatics.fm/Cymatics - Astro Hip Hop Sample Pack/Drums - Loops/Full Drum Loops/Cymatics - Astro Butterfly Full Drum Loop - 140 BPM.wav","timestamped/cymatics.fm/Cymatics - Astro Hip Hop Sample Pack/Drums - Loops/Full Drum Loops/20241230__Cymatics - Astro Butterfly Full Drum Loop - 140 BPM.wav","20241230","f2b4a324903b07126043970bc3c1c8382be74eff",PLANNED
"looperman/looperman-l-1994078-0304391-djrellruger-endless-love-rellruger-vocal-choir.wav","timestamped/looperman/20260209__looperman-l-1994078-0304391-djrellruger-endless-love-rellruger-vocal-choir.wav","20260209","733125d10f980fa68d81f8fb127c4c1faed35db7",PLANNED
"cymatics.fm/Cymatics - Lofi Starter Pack/Snaps/Cymatics - Dreams Solo Snap.wav","timestamped/cymatics.fm/Cymatics - Lofi Starter Pack/Snaps/20241001__Cymatics - Dreams Solo Snap.wav","20241001","353739f4211ee68a15c96f1cd13a9864005d6bf2",PLANNED
"cymatics.fm/Cymatics - House Starter Pack/Drums - One Shots/Cymbals/Hihats - Closed/Cymatics - Master Collection Closed Hihat 10.wav","timestamped/cymatics.fm/Cymatics - House Starter Pack/Drums - One Shots/Cymbals/Hihats - Closed/20241001__Cymatics - Master Collection Closed Hihat 10.wav","20241001","353739f4211ee68a15c96f1cd13a9864005d6bf2",PLANNED
"cymatics.fm/Cymatics - House Starter Pack/Drums - One Shots/Cymbals/Hihats - Closed/Cymatics - Master Collection Closed Hihat 5.wav","timestamped/cymatics.fm/Cymatics - House Starter Pack/Drums - One Shots/Cymbals/Hihats - Closed/20241001__Cymatics - Master Collection Closed Hihat 5.wav","20241001","353739f4211ee68a15c96f1cd13a9864005d6bf2",PLANNED
"cymatics.fm/Cymatics - Orchid Sample Pack/Drum One Shots/Cymatics - Orchid Hihat - Closed 1.wav","timestamped/cymatics.fm/Cymatics - Orchid Sample Pack/Drum One Shots/20241111__Cymatics - Orchid Hihat - Closed 1.wav","20241111","8713ed028a3831af749b130950c78318a714360a",PLANNED
"cymatics.fm/Cymatics - Lofi Starter Pack/Snares + Rimshots/Cymatics - Small Snare - F.wav","timestamped/cymatics.fm/Cymatics - Lofi Starter Pack/Snares + Rimshots/20241001__Cymatics - Small Snare - F.wav","20241001","353739f4211ee68a15c96f1cd13a9864005d6bf2",PLANNED
"cymatics.fm/Cymatics - Cobra Hip Hop Sample Pack/Windows/Drum One Shots/Claps/Cymatics - Cobra Clap 4.wav","timestamped/cymatics.fm/Cymatics - Cobra Hip Hop Sample Pack/Windows/Drum One Shots/Claps/20241230__Cymatics - Cobra Clap 4.wav","20241230","4fe6e5a7ef3f0ab55044b27d6a616fa16bed86c4",PLANNED
"cymatics.fm/Cymatics - Cobra Hip Hop Sample Pack/Windows/Drum One Shots/Claps/Cymatics - Cobra Clap 6.wav","timestamped/cymatics.fm/Cymatics - Cobra Hip Hop Sample Pack/Windows/Drum One Shots/Claps/20241230__Cymatics - Cobra Clap 6.wav","20241230","4fe6e5a7ef3f0ab55044b27d6a616fa16bed86c4",PLANNED
"cymatics.fm/Cymatics - House Starter Pack/Drums - One Shots/Snares/Cymatics - Future House Snare 13.wav","timestamped/cymatics.fm/Cymatics - House Starter Pack/Drums - One Shots/Snares/20241001__Cymatics - Future House Snare 13.wav","20241001","353739f4211ee68a15c96f1cd13a9864005d6bf2",PLANNED
"cymatics.fm/Cymatics - House Starter Pack/Drums - One Shots/Cymbals/Hihats - Closed/Cymatics - G House Closed Hi-Hat 1.wav","timestamped/cymatics.fm/Cymatics - House Starter Pack/Drums - One Shots/Cymbals/Hihats - Closed/20241001__Cymatics - G House Closed Hi-Hat 1.wav","20241001","353739f4211ee68a15c96f1cd13a9864005d6bf2",PLANNED
"cymatics.fm/Cymatics - House Starter Pack/Drums - One Shots/Cymbals/Hihats - Closed/Cymatics - G House Closed Hi-Hat 2.wav","timestamped/cymatics.fm/Cymatics - House Starter Pack/Drums - One Shots/Cymbals/Hihats - Closed/20241001__Cymatics - G House Closed Hi-Hat 2.wav","20241001","353739f4211ee68a15c96f1cd13a9864005d6bf2",PLANNED
"cymatics.fm/Cymatics - House Starter Pack/Drums - One Shots/Cymbals/Hihats - Closed/Cymatics - G House Closed Hi-Hat 5.wav","timestamped/cymatics.fm/Cymatics - House Starter Pack/Drums - One Shots/Cymbals/Hihats - Closed/20241001__Cymatics - G House Closed Hi-Hat 5.wav","20241001","353739f4211ee68a15c96f1cd13a9864005d6bf2",PLANNED
"cymatics.fm/Cymatics - House Starter Pack/Drums - One Shots/Percussion/Cymatics - Master Collection Vol 2 Perc 10.wav","timestamped/cymatics.fm/Cymatics - House Starter Pack/Drums - One Shots/Percussion/20241001__Cymatics - Master Collection Vol 2 Perc 10.wav","20241001","353739f4211ee68a15c96f1cd13a9864005d6bf2",PLANNED
"cymatics.fm/Cymatics - House Starter Pack/Drums - One Shots/Percussion/Cymatics - Master Collection Vol 2 Perc 2.wav","timestamped/cymatics.fm/Cymatics - House Starter Pack/Drums - One Shots/Percussion/20241001__Cymatics - Master Collection Vol 2 Perc 2.wav","20241001","353739f4211ee68a15c96f1cd13a9864005d6bf2",PLANNED
"cymatics.fm/Cymatics - Orchid Sample Pack/Drum One Shots/Cymatics - Orchid Hihat - Closed 2.wav","timestamped/cymatics.fm/Cymatics - Orchid Sample Pack/Drum One Shots/20241111__Cymatics - Orchid Hihat - Closed 2.wav","20241111","8713ed028a3831af749b130950c78318a714360a",PLANNED
"cymatics.fm/Cymatics - Orchid Sample Pack/Drum One Shots/Cymatics - Orchid Hihat - Tick.wav","timestamped/cymatics.fm/Cymatics - Orchid Sample Pack/Drum One Shots/20241111__Cymatics - Orchid Hihat - Tick.wav","20241111","8713ed028a3831af749b130950c78318a714360a",PLANNED
"cymatics.fm/Cymatics - Orchid Sample Pack/Drum One Shots/Cymatics - Orchid Percussion - Dry 1.wav","timestamped/cymatics.fm/Cymatics - Orchid Sample Pack/Drum One Shots/20241111__Cymatics - Orchid Percussion - Dry 1.wav","20241111","8713ed028a3831af749b130950c78318a714360a",PLANNED
"cymatics.fm/Cymatics - Orchid Sample Pack/Drum One Shots/Cymatics - Orchid Percussion - Dry 2.wav","timestamped/cymatics.fm/Cymatics - Orchid Sample Pack/Drum One Shots/20241111__Cymatics - Orchid Percussion - Dry 2.wav","20241111","8713ed028a3831af749b130950c78318a714360a",PLANNED
"cymatics.fm/Cymatics - Orchid Sample Pack/Drum One Shots/Cymatics - Orchid Percussion - Dry 7.wav","timestamped/cymatics.fm/Cymatics - Orchid Sample Pack/Drum One Shots/20241111__Cymatics - Orchid Percussion - Dry 7.wav","20241111","8713ed028a3831af749b130950c78318a714360a",PLANNED
"cymatics.fm/Cymatics - Orchid Sample Pack/Drum One Shots/Cymatics - Orchid Shaker - Banana.wav","timestamped/cymatics.fm/Cymatics - Orchid Sample Pack/Drum One Shots/20241111__Cymatics - Orchid Shaker - Banana.wav","20241111","8713ed028a3831af749b130950c78318a714360a",PLANNED
"cymatics.fm/Cymatics - Orchid Sample Pack/Drum One Shots/Cymatics - Orchid Shaker - Crisp.wav","timestamped/cymatics.fm/Cymatics - Orchid Sample Pack/Drum One Shots/20241111__Cymatics - Orchid Shaker - Crisp.wav","20241111","8713ed028a3831af749b130950c78318a714360a",PLANNED
"cymatics.fm/Cymatics - Orchid Sample Pack/Drum One Shots/Cymatics - Orchid Shaker - Tight.wav","timestamped/cymatics.fm/Cymatics - Orchid Sample Pack/Drum One Shots/20241111__Cymatics - Orchid Shaker - Tight.wav","20241111","8713ed028a3831af749b130950c78318a714360a",PLANNED
"cymatics.fm/Cymatics - Cobra Hip Hop Sample Pack/Windows/Drum One Shots/Cymbals/Hihats - Closed/Cymatics - Cobra Closed Hihat 11.wav","timestamped/cymatics.fm/Cymatics - Cobra Hip Hop Sample Pack/Windows/Drum One Shots/Cymbals/Hihats - Closed/20241230__Cymatics - Cobra Closed Hihat 11.wav","20241230","4fe6e5a7ef3f0ab55044b27d6a616fa16bed86c4",PLANNED
"cymatics.fm/Cymatics - Cobra Hip Hop Sample Pack/Windows/Drum One Shots/Cymbals/Hihats - Closed/Cymatics - Cobra Closed Hihat 12.wav","timestamped/cymatics.fm/Cymatics - Cobra Hip Hop Sample Pack/Windows/Drum One Shots/Cymbals/Hihats - Closed/20241230__Cymatics - Cobra Closed Hihat 12.wav","20241230","4fe6e5a7ef3f0ab55044b27d6a616fa16bed86c4",PLANNED
"cymatics.fm/Cymatics - Cobra Hip Hop Sample Pack/Windows/Drum One Shots/Cymbals/Hihats - Closed/Cymatics - Cobra Closed Hihat 13.wav","timestamped/cymatics.fm/Cymatics - Cobra Hip Hop Sample Pack/Windows/Drum One Shots/Cymbals/Hihats - Closed/20241230__Cymatics - Cobra Closed Hihat 13.wav","20241230","4fe6e5a7ef3f0ab55044b27d6a616fa16bed86c4",PLANNED
"cymatics.fm/Cymatics - Cobra Hip Hop Sample Pack/Windows/Drum One Shots/Cymbals/Hihats - Closed/Cymatics - Cobra Closed Hihat 7.wav","timestamped/cymatics.fm/Cymatics - Cobra Hip Hop Sample Pack/Windows/Drum One Shots/Cymbals/Hihats - Closed/20241230__Cymatics - Cobra Closed Hihat 7.wav","20241230","4fe6e5a7ef3f0ab55044b27d6a616fa16bed86c4",PLANNED
"cymatics.fm/Cymatics - Cobra Hip Hop Sample Pack/Windows/Drum One Shots/Percussion/Cymatics - Cobra Percussion 4.wav","timestamped/cymatics.fm/Cymatics - Cobra Hip Hop Sample Pack/Windows/Drum One Shots/Percussion/20241230__Cymatics - Cobra Percussion 4.wav","20241230","4fe6e5a7ef3f0ab55044b27d6a616fa16bed86c4",PLANNED
"cymatics.fm/Cymatics - Cobra Hip Hop Sample Pack/Windows/Drum One Shots/Percussion/Cymatics - Cobra Percussion 5.wav","timestamped/cymatics.fm/Cymatics - Cobra Hip Hop Sample Pack/Windows/Drum One Shots/Percussion/20241230__Cymatics - Cobra Percussion 5.wav","20241230","4fe6e5a7ef3f0ab55044b27d6a616fa16bed86c4",PLANNED
"cymatics.fm/Cymatics - Cobra Hip Hop Sample Pack/Windows/Drum One Shots/Percussion/Cymatics - Cobra Percussion 7.wav","timestamped/cymatics.fm/Cymatics - Cobra Hip Hop Sample Pack/Windows/Drum One Shots/Percussion/20241230__Cymatics - Cobra Percussion 7.wav","20241230","4fe6e5a7ef3f0ab55044b27d6a616fa16bed86c4",PLANNED
"cymatics.fm/Cymatics - Cobra Hip Hop Sample Pack/Windows/Drum One Shots/Snares/Chop Snares/Cymatics - Cobra Snare 2 - C.wav","timestamped/cymatics.fm/Cymatics - Cobra Hip Hop Sample Pack/Windows/Drum One Shots/Snares/Chop Snares/20241230__Cymatics - Cobra Snare 2 - C.wav","20241230","4fe6e5a7ef3f0ab55044b27d6a616fa16bed86c4",PLANNED
"cymatics.fm/Cymatics - House Starter Pack/Drums - One Shots/Snares/Cymatics - Future House Snare 1.wav","timestamped/cymatics.fm/Cymatics - House Starter Pack/Drums - One Shots/Snares/20241001__Cymatics - Future House Snare 1.wav","20241001","353739f4211ee68a15c96f1cd13a9864005d6bf2",PLANNED
"cymatics.fm/Cymatics - Cobra Hip Hop Sample Pack/Windows/Drum One Shots/Percussion/Cymatics - Cobra Percussion 24.wav","timestamped/cymatics.fm/Cymatics - Cobra Hip Hop Sample Pack/Windows/Drum One Shots/Percussion/20241230__Cymatics - Cobra Percussion 24.wav","20241230","4fe6e5a7ef3f0ab55044b27d6a616fa16bed86c4",PLANNED
"cymatics.fm/Cymatics - Cobra Hip Hop Sample Pack/Windows/Drum One Shots/Snares/Rimshot Snares/Cymatics - Cobra Rimshot Snare 8.wav","timestamped/cymatics.fm/Cymatics - Cobra Hip Hop Sample Pack/Windows/Drum One Shots/Snares/Rimshot Snares/20241230__Cymatics - Cobra Rimshot Snare 8.wav","20241230","4fe6e5a7ef3f0ab55044b27d6a616fa16bed86c4",PLANNED
"cymatics.fm/Cymatics - Lofi Starter Pack/Hihats - Closed/Cymatics - Downgrade Tick Hihat.wav","timestamped/cymatics.fm/Cymatics - Lofi Starter Pack/Hihats - Closed/20241001__Cymatics - Downgrade Tick Hihat.wav","20241001","353739f4211ee68a15c96f1cd13a9864005d6bf2",PLANNED
"cymatics.fm/Cymatics - Lofi Starter Pack/Percussion/Cymatics - Button Pop Perc.wav","timestamped/cymatics.fm/Cymatics - Lofi Starter Pack/Percussion/20241001__Cymatics - Button Pop Perc.wav","20241001","353739f4211ee68a15c96f1cd13a9864005d6bf2",PLANNED
"cymatics.fm/Cymatics - Orchid Sample Pack/Drum One Shots/Cymatics - Orchid Rimshot - Basic.wav","timestamped/cymatics.fm/Cymatics - Orchid Sample Pack/Drum One Shots/20241111__Cymatics - Orchid Rimshot - Basic.wav","20241111","8713ed028a3831af749b130950c78318a714360a",PLANNED
"cymatics.fm/Cymatics - Orchid Sample Pack/Drum One Shots/Cymatics - Orchid Percussion - Dry 5.wav","timestamped/cymatics.fm/Cymatics - Orchid Sample Pack/Drum One Shots/20241111__Cymatics - Orchid Percussion - Dry 5.wav","20241111","8713ed028a3831af749b130950c78318a714360a",PLANNED
"cymatics.fm/Cymatics - Cobra Hip Hop Sample Pack/Windows/Drum One Shots/Snares/Rimshot Snares/Cymatics - Cobra Rimshot Snare 9.wav","timestamped/cymatics.fm/Cymatics - Cobra Hip Hop Sample Pack/Windows/Drum One Shots/Snares/Rimshot Snares/20241230__Cymatics - Cobra Rimshot Snare 9.wav","20241230","4fe6e5a7ef3f0ab55044b27d6a616fa16bed86c4",PLANNED
"cymatics.fm/Cymatics - House Starter Pack/Drums - One Shots/Percussion/Cymatics - Future Bass Perc 7.wav","timestamped/cymatics.fm/Cymatics - House Starter Pack/Drums - One Shots/Percussion/20241001__Cymatics - Future Bass Perc 7.wav","20241001","353739f4211ee68a15c96f1cd13a9864005d6bf2",PLANNED
"cymatics.fm/Cymatics - House Starter Pack/Drums - One Shots/Cymbals/Hihats - Open/Cymatics - G House Open Hi-Hat 2.wav","timestamped/cymatics.fm/Cymatics - House Starter Pack/Drums - One Shots/Cymbals/Hihats - Open/20241001__Cymatics - G House Open Hi-Hat 2.wav","20241001","353739f4211ee68a15c96f1cd13a9864005d6bf2",PLANNED
"cymatics.fm/Cymatics - House Starter Pack/Drums - One Shots/Snares/Cymatics - Progressive Snare 3.wav","timestamped/cymatics.fm/Cymatics - House Starter Pack/Drums - One Shots/Snares/20241001__Cymatics - Progressive Snare 3.wav","20241001","353739f4211ee68a15c96f1cd13a9864005d6bf2",PLANNED
"cymatics.fm/Cymatics - Cobra Hip Hop Sample Pack/Windows/Drum One Shots/Snares/Rimshot Snares/Cymatics - Cobra Rimshot Snare 11.wav","timestamped/cymatics.fm/Cymatics - Cobra Hip Hop Sample Pack/Windows/Drum One Shots/Snares/Rimshot Snares/20241230__Cymatics - Cobra Rimshot Snare 11.wav","20241230","4fe6e5a7ef3f0ab55044b27d6a616fa16bed86c4",PLANNED
"cymatics.fm/Cymatics - 9God Hip Hop Sample Pack/Drums - One Shots/Snares/Cymatics - 9God Snare 1 - C.wav","timestamped/cymatics.fm/Cymatics - 9God Hip Hop Sample Pack/Drums - One Shots/Snares/20241001__Cymatics - 9God Snare 1 - C.wav","20241001","353739f4211ee68a15c96f1cd13a9864005d6bf2",PLANNED
"cymatics.fm/Cymatics - 9God Hip Hop Sample Pack/Drums - One Shots/Snares/Cymatics - 9God Snare 5 - A.wav","timestamped/cymatics.fm/Cymatics - 9God Hip Hop Sample Pack/Drums - One Shots/Snares/20241001__Cymatics - 9God Snare 5 - A.wav","20241001","353739f4211ee68a15c96f1cd13a9864005d6bf2",PLANNED
"cymatics.fm/Cymatics - House Starter Pack/Drums - One Shots/Percussion/Cymatics - Master Collection Vol 2 Perc 13.wav","timestamped/cymatics.fm/Cymatics - House Starter Pack/Drums - One Shots/Percussion/20241001__Cymatics - Master Collection Vol 2 Perc 13.wav","20241001","353739f4211ee68a15c96f1cd13a9864005d6bf2",PLANNED
"cymatics.fm/Cymatics - Lofi Starter Pack/Snares + Rimshots/Cymatics - Dreams Lofi Snare 1.wav","timestamped/cymatics.fm/Cymatics - Lofi Starter Pack/Snares + Rimshots/20241001__Cymatics - Dreams Lofi Snare 1.wav","20241001","353739f4211ee68a15c96f1cd13a9864005d6bf2",PLANNED
"cymatics.fm/Cymatics - Lofi Starter Pack/Snares + Rimshots/Cymatics - Eternity Rimshot 1.wav","timestamped/cymatics.fm/Cymatics - Lofi Starter Pack/Snares + Rimshots/20241001__Cymatics - Eternity Rimshot 1.wav","20241001","353739f4211ee68a15c96f1cd13a9864005d6bf2",PLANNED
"cymatics.fm/Cymatics - Orchid Sample Pack/Drum One Shots/Cymatics - Orchid Kick - Layered (F#).wav","timestamped/cymatics.fm/Cymatics - Orchid Sample Pack/Drum One Shots/20241111__Cymatics - Orchid Kick - Layered (F#).wav","20241111","8713ed028a3831af749b130950c78318a714360a",PLANNED
